,city_name,cloudiness,country,data,humidity,lat,lon,max_temp,wind_speed
0,Zhukovka,0,RU,1598816243,69,53.53,33.73,66.0,8.79
1,Souillac,75,MU,1598816039,83,-20.52,57.52,71.6,18.34
2,Grand Gaube,1,MU,1598816244,77,-20.01,57.66,71.01,5.99
3,Castro,0,BR,1598816245,54,-24.79,-50.01,76.35,3.49
4,Laas,67,IT,1598816246,88,46.62,10.7,62.6,2.24
5,Vaini,75,TO,1598816247,94,-21.2,-175.2,75.2,12.75
6,Samarai,97,PG,1598816247,88,-10.62,150.67,78.4,18.32
7,Geraldton,0,AU,1598816248,93,-28.77,114.6,44.6,8.05
8,Verkh-Usugli,100,RU,1598816249,96,52.7,115.17,49.5,2.8
9,Airai,3,TL,1598816031,100,-8.93,125.41,56.39,4.0
10,Mahon,20,ES,1598816250,60,39.89,4.27,71.6,8.05
11,New Norfolk,2,AU,1598816250,74,-42.78,147.06,44.01,1.01
12,Leningradskiy,100,RU,1598816251,91,69.38,178.42,35.44,6.62
13,Hasilpur,24,PK,1598816251,55,29.71,72.56,89.55,13.24
14,Cape Town,0,ZA,1598816010,75,-33.93,18.42,48.0,2.24
15,Kapaa,20,US,1598816034,69,22.08,-159.32,82.99,16.11
16,Half Moon Bay,40,US,1598816133,77,37.46,-122.43,72.0,9.17
17,Albany,0,US,1598816007,42,42.6,-73.97,73.0,12.1
18,Concepción,0,CL,1598815975,50,-36.83,-73.05,57.2,17.22
19,Norman Wells,75,CA,1598816252,58,65.28,-126.83,55.4,12.75
20,Nanortalik,100,GL,1598816172,78,60.14,-45.24,47.52,8.16
21,Houma,75,US,1598816254,100,29.6,-90.72,73.4,3.36
22,Menongue,4,AO,1598816255,35,-14.66,17.69,63.7,2.08
23,Carutapera,95,BR,1598816154,68,-1.2,-46.02,82.76,12.03
24,Bako,100,ET,1598816257,76,5.78,36.57,66.24,3.44
25,Dudinka,90,RU,1598816257,100,69.41,86.18,46.4,13.42
26,Bang Saphan,31,TH,1598816258,89,11.21,99.51,77.07,4.88
27,Butaritari,12,KI,1598816258,75,3.07,172.79,82.63,12.26
28,Port Alfred,45,ZA,1598816259,72,-33.59,26.89,50.99,11.77
29,George Town,40,MY,1598816259,94,5.41,100.34,80.6,3.36
30,Leeton,0,AU,1598816259,93,-34.57,146.4,44.6,6.93
31,Chunskiy,98,RU,1598816259,86,56.08,99.63,53.55,1.79
32,Atuona,60,PF,1598816260,80,-9.8,-139.03,78.21,21.92
33,Arvika,0,SE,1598816260,100,59.66,12.59,51.01,4.7
34,Tuatapere,55,NZ,1598816260,69,-46.13,167.68,49.66,9.51
35,Busselton,0,AU,1598816261,74,-33.65,115.33,39.99,3.6
36,Ankazoabo,3,MG,1598816262,61,-22.28,44.52,69.46,6.17
37,Hasaki,75,JP,1598816263,100,35.73,140.83,77.0,1.12
38,Ilulissat,5,GL,1598816263,56,69.22,-51.1,48.2,12.75
39,Asău,0,RO,1598816265,78,46.43,26.4,66.0,4.21
40,Provideniya,75,RU,1598816266,71,64.38,-173.3,51.8,15.66
41,Båtsfjord,75,NO,1598816266,70,70.63,29.72,48.2,13.87
42,Ushuaia,75,AR,1598816056,92,-54.8,-68.3,28.4,29.97
43,Netivot,1,IL,1598816269,79,31.42,34.59,82.99,4.63
44,Stromness,35,GB,1598816270,81,58.97,-3.3,51.8,2.24
45,Bluff,90,NZ,1598816270,63,-46.6,168.33,52.39,22.32
46,Uíge,22,AO,1598816272,65,-7.61,15.06,70.02,2.1
47,Novosysoyevka,100,RU,1598816272,75,44.23,133.36,56.8,5.41
48,Yellowknife,40,CA,1598816043,58,62.46,-114.35,53.6,16.11
49,Padang,100,ID,1598816276,81,-0.95,100.35,77.59,5.03
50,Lusambo,94,CD,1598816278,89,-4.97,23.45,73.9,2.75
51,Barrow,90,US,1598816045,86,71.29,-156.79,39.2,14.99
52,Jamestown,90,US,1598816081,64,42.1,-79.24,70.0,10.29
53,Tiksi,3,RU,1598816089,90,71.69,128.87,40.95,7.29
54,Mandera,0,KE,1598816282,46,3.94,41.87,84.42,16.8
55,Skibbereen,40,IE,1598816284,81,51.55,-9.27,51.8,5.82
56,Beira,0,MZ,1598816286,94,-19.84,34.84,75.2,4.7
57,Puerto Ayora,100,EC,1598816286,57,-0.74,-90.35,77.0,19.46
58,Saskylakh,84,RU,1598816288,84,71.92,114.08,46.42,4.68
59,Hobart,40,AU,1598816117,82,-42.88,147.33,44.01,17.22
60,Bengkulu,91,ID,1598816080,86,-3.8,102.27,75.96,4.07
61,Bulgan,97,MN,1598816291,87,48.81,103.53,50.74,4.21
62,Dingle,91,PH,1598816292,88,11.0,122.67,76.68,5.01
63,Saint Paul Harbor,90,US,1598816294,87,57.79,-152.41,53.6,8.05
64,Port Elizabeth,35,ZA,1598816266,76,-33.92,25.57,50.0,4.7
65,Bethel,20,US,1598816296,44,41.37,-73.41,77.0,11.41
66,Batagay-Alyta,98,RU,1598816296,72,67.8,130.41,43.39,1.23
67,Rikitea,30,PF,1598816298,83,-23.12,-134.97,69.17,19.08
68,Lompoc,20,US,1598816101,68,34.64,-120.46,69.01,10.29
69,Grootfontein,21,NA,1598816301,34,-19.57,18.12,58.06,7.47
70,Mataura,100,NZ,1598816036,59,-46.19,168.86,49.41,8.3
71,Kamenka,0,RU,1598816303,57,51.32,42.77,64.76,6.55
72,Hilo,90,US,1598816070,65,19.73,-155.09,82.4,3.36
73,Prabumulih,52,ID,1598816306,98,-3.45,104.25,72.93,3.0
74,Flinders,0,AU,1598816306,82,-34.58,150.86,60.01,1.01
75,Kemijärvi,77,FI,1598816307,73,66.71,27.43,47.07,1.5
76,Bānka,85,IN,1598816308,68,24.88,86.92,83.97,5.19
77,Torbay,90,CA,1598816123,94,47.67,-52.73,69.01,20.8
78,Nísia Floresta,20,BR,1598816309,58,-6.09,-35.21,82.4,19.46
79,Dolinsk,38,RU,1598816309,93,47.35,142.8,44.6,4.47
80,Grindavik,90,IS,1598816309,93,63.84,-22.43,53.6,29.97
81,Rocky Mountain House,27,CA,1598816310,39,52.37,-114.92,60.46,10.74
82,Muisne,20,EC,1598816310,74,0.6,-80.03,86.0,9.17
83,Longyearbyen,75,SJ,1598816310,75,78.22,15.64,41.0,18.34
84,Venice,1,US,1598816094,70,27.1,-82.45,89.01,10.29
85,Ilongero,0,TZ,1598816311,46,-4.67,34.87,65.52,14.74
86,Upernavik,77,GL,1598816312,80,72.79,-56.15,41.88,9.48
87,Bambous Virieux,75,MU,1598816314,83,-20.34,57.76,71.6,18.34
88,Inírida,100,CO,1598816315,94,3.87,-67.92,74.25,2.1
89,Saint-Philippe,37,RE,1598816316,72,-21.36,55.77,68.0,4.7
90,Thompson,90,CA,1598816076,100,55.74,-97.86,57.2,6.93
91,Diu,100,IN,1598816318,88,20.71,70.98,77.99,13.71
92,Port Lincoln,100,AU,1598816319,61,-34.73,135.87,51.91,5.91
93,Aljezur,0,PT,1598816319,69,37.32,-8.8,64.99,13.47
94,San Patricio,90,MX,1598816320,100,19.22,-104.7,78.8,11.41
95,Meulaboh,100,ID,1598816323,88,4.14,96.13,76.95,4.45
96,Mar del Plata,0,AR,1598816324,28,-38.0,-57.56,59.0,20.8
97,Baker City,1,US,1598816327,22,44.77,-117.83,69.8,21.92
98,Soure,100,BR,1598816327,75,-0.72,-48.52,84.16,9.8
99,Hermanus,0,ZA,1598816032,90,-34.42,19.23,41.0,12.1
100,Athabasca,80,CA,1598816328,49,54.72,-113.29,54.82,20.8
101,Ugoofaaru,53,MV,1598816329,72,5.67,73.0,82.9,7.34
102,Leshukonskoye,100,RU,1598816329,96,64.9,45.76,49.71,5.73
103,Coyhaique,40,CL,1598816330,79,-45.58,-72.07,50.0,4.7
104,Punta Arenas,75,CL,1598816331,51,-53.15,-70.92,35.6,14.99
105,Bubaque,100,GW,1598816331,82,11.28,-15.83,80.51,18.48
106,Fort Nelson,20,CA,1598816331,54,58.81,-122.7,57.2,5.82
107,Ouadda,100,CF,1598816332,94,8.08,22.4,68.38,1.5
108,Mildura,0,AU,1598816332,93,-34.2,142.15,41.0,6.93
109,Itanhaém,3,BR,1598816332,83,-24.18,-46.79,86.0,8.05
110,Tūkrah,0,LY,1598816332,70,32.53,20.58,77.0,12.37
111,Mgandu,0,TZ,1598816334,48,-5.95,34.13,65.35,10.04
112,Ribeira Grande,75,PT,1598816334,94,38.52,-28.7,77.0,11.41
113,Esperance,0,AU,1598816334,93,-33.87,121.9,42.8,10.29
114,Lázaro Cárdenas,97,MX,1598816335,76,17.96,-102.2,83.71,7.34
115,Shenjiamen,16,CN,1598816335,89,29.96,122.3,80.35,8.52
116,Bredasdorp,18,ZA,1598816047,86,-34.53,20.04,41.0,5.82
117,Narsaq,100,GL,1598816335,50,60.92,-46.05,57.2,2.24
118,Nadym,49,RU,1598816336,73,65.53,72.52,45.25,11.03
119,Shache,67,CN,1598816336,34,38.42,77.24,64.9,6.15
120,Terrace Bay,75,CA,1598816336,58,48.78,-87.1,59.0,3.36
121,Qaanaaq,0,GL,1598816337,78,77.48,-69.36,33.71,4.03
122,Faanui,1,PF,1598816338,76,-16.48,-151.75,76.82,22.86
123,Pimentel,94,PE,1598816339,60,-6.84,-79.93,69.8,19.46
124,Avarua,3,CK,1598816117,73,-21.21,-159.78,75.2,17.22
125,Fortuna,1,US,1598816341,59,40.6,-124.16,69.01,10.29
126,Bosaso,100,SO,1598816344,43,11.28,49.18,92.89,2.39
127,Hithadhoo,63,MV,1598816031,75,-0.6,73.08,82.42,10.76
128,Vidim,1,RU,1598816346,87,56.41,103.11,48.7,1.9
129,Tuktoyaktuk,75,CA,1598816346,93,69.45,-133.04,41.0,14.99
130,Misratah,0,LY,1598816347,74,32.38,15.09,80.96,14.72
131,Khatanga,92,RU,1598816348,88,71.97,102.5,44.22,7.74
132,Clyde River,40,CA,1598816351,81,70.47,-68.59,50.0,16.11
133,Cockburn Town,40,TC,1598816352,58,21.46,-71.14,87.8,11.41
134,Richards Bay,100,ZA,1598816355,78,-28.78,32.04,58.3,10.58
135,Kavieng,97,PG,1598816356,77,-2.57,150.8,82.36,14.16
136,Codrington,84,AU,1598816356,71,-38.27,141.97,47.28,9.75
137,Te Anau,49,NZ,1598816357,75,-45.42,167.72,48.43,11.05
138,São João da Barra,0,BR,1598816358,61,-21.64,-41.05,82.4,20.8
139,Saldanha,0,ZA,1598816359,70,-33.01,17.94,48.2,3.36
140,Texarkana,75,US,1598816360,70,33.43,-94.05,84.99,5.82
141,Sola,75,VU,1598816360,83,-13.88,167.55,80.6,9.17
142,Hambantota,75,LK,1598816361,88,6.12,81.12,78.8,3.36
143,Yumen,0,CN,1598816362,42,40.28,97.2,53.31,3.49
144,Smithers,90,CA,1598816363,81,54.78,-127.17,48.2,2.24
145,Stornoway,32,GB,1598816364,76,58.21,-6.39,55.4,5.82
146,Constitución,0,CL,1598816366,58,-35.33,-72.42,55.29,16.98
147,Aklavik,75,CA,1598816369,81,68.22,-135.01,46.4,4.7
148,Tabuk,100,PH,1598816370,83,17.42,121.44,74.16,2.93
149,Taltal,100,CL,1598816370,64,-25.4,-70.48,59.72,5.28
150,Lebu,0,CL,1598816373,69,-37.62,-73.65,49.84,26.19
151,Tasiilaq,100,GL,1598816375,53,65.61,-37.64,50.0,8.05
152,Ahipara,0,NZ,1598816116,83,-35.17,173.17,54.84,4.9
153,Al Bardīyah,0,LY,1598816376,77,31.76,25.09,75.88,8.08
154,Cabo San Lucas,20,MX,1598816169,78,22.89,-109.91,88.0,8.05
155,Los Llanos de Aridane,20,ES,1598816378,57,28.66,-17.92,75.2,16.11
156,Mt. Pleasant,40,US,1598816180,63,32.79,-79.86,93.2,12.06
157,San Cristobal,75,VE,1598816328,58,7.77,-72.22,86.0,16.11
158,Banda Aceh,95,ID,1598816380,78,5.56,95.32,80.42,9.01
159,Krasnosel'kup,55,RU,1598816381,94,65.7,82.47,46.67,7.16
160,Kologriv,100,RU,1598816381,96,58.83,44.32,57.42,6.69
161,Vila Franca do Campo,40,PT,1598816383,88,37.72,-25.43,77.0,8.05
162,Mahébourg,75,MU,1598816384,83,-20.41,57.7,71.6,18.34
163,Cabañas,40,CU,1598816385,55,22.98,-82.92,91.4,9.17
164,Dikson,100,RU,1598816386,96,73.51,80.55,41.5,15.68
165,Camacupa,43,AO,1598816387,57,-12.02,17.48,64.4,2.46
166,Carnarvon,0,AU,1598816387,100,-24.87,113.63,57.2,6.93
167,Bathsheba,40,BB,1598816388,70,13.22,-59.52,87.8,12.75
168,Severo-Kuril'sk,27,RU,1598816390,88,50.68,156.12,49.71,15.57
169,Senanga,77,ZM,1598816393,52,-16.12,23.27,71.49,2.98
170,Ponta do Sol,20,PT,1598816393,56,32.67,-17.1,73.4,20.8
171,Ancud,88,CL,1598816394,92,-41.87,-73.82,53.01,5.01
172,Rawson,18,AR,1598816395,54,-43.3,-65.1,50.16,23.02
173,Morondava,0,MG,1598816396,86,-20.28,44.28,74.1,11.77
174,Pangkalanbuun,43,ID,1598816397,88,-2.68,111.62,75.81,2.75
175,Acajutla,9,SV,1598816327,55,13.59,-89.83,87.8,3.36
176,Nikolskoye,40,RU,1598816398,82,59.7,30.79,61.0,4.47
177,Zalesovo,14,RU,1598816399,92,53.99,84.74,55.36,3.87
178,Egvekinot,57,RU,1598816401,73,66.32,-179.17,41.14,19.19
179,Sarapul,100,RU,1598816401,88,56.48,53.8,57.99,6.06
180,Chui,100,UY,1598816403,67,-33.7,-53.46,49.8,6.24
181,Batemans Bay,0,AU,1598816404,94,-35.72,150.18,44.01,3.87
182,Kralendijk,95,BQ,1598816405,66,12.15,-68.27,84.2,6.93
183,Kraslice,100,CZ,1598816408,94,50.32,12.52,54.0,4.0
184,Lamu,0,KE,1598816409,80,-2.27,40.9,76.57,13.27
185,Hualmay,80,PE,1598816413,69,-11.1,-77.61,66.13,11.7
186,Lerik,0,AZ,1598816415,83,38.77,48.41,73.4,6.93
187,Tomatlán,72,MX,1598816417,70,19.93,-105.25,86.79,8.79
188,Thinadhoo,98,MV,1598816421,76,0.53,72.93,82.74,11.74
189,Calama,99,CL,1598816422,9,-22.47,-68.93,69.8,21.92
190,Le Port,20,RE,1598816422,64,-20.94,55.29,71.6,16.11
191,Aligoodarz,0,IR,1598816423,35,33.4,49.69,57.88,4.45
192,Kismayo,0,SO,1598816424,81,-0.36,42.55,77.59,14.92
193,Saint George,1,US,1598816426,19,37.1,-113.58,96.01,5.82
194,Chara,12,RU,1598816428,80,56.91,118.26,46.45,0.56
195,Trelew,51,AR,1598816430,44,-43.25,-65.31,52.86,21.27
196,Arenápolis,0,BR,1598816430,11,-14.45,-56.85,104.54,2.46
197,Mutare,0,ZW,1598816431,52,-18.97,32.67,67.05,3.58
198,Tres Picos,70,MX,1598816432,59,15.87,-93.53,87.6,6.26
199,Sinjār,0,IQ,1598816435,12,36.32,41.88,89.87,8.41
200,Mēga,33,ET,1598816436,62,4.05,38.3,64.6,10.78
201,Talnakh,90,RU,1598816436,100,69.49,88.4,46.4,13.42
202,Port Moresby,75,PG,1598816436,94,-9.44,147.18,77.0,17.22
203,Benin,100,BJ,1598816438,97,9.5,2.25,72.57,4.59
204,Gumdag,1,TM,1598816441,45,39.21,54.59,75.52,14.5
205,Haines Junction,99,CA,1598816442,66,60.75,-137.51,50.76,5.86
206,Yeppoon,0,AU,1598816443,87,-23.13,150.73,60.8,5.82
207,Abhā,89,SA,1598816445,32,18.22,42.51,77.0,11.41
208,Orán,99,AR,1598816432,42,-23.13,-64.33,63.9,4.05
209,Arraial do Cabo,0,BR,1598816447,65,-22.97,-42.03,82.4,14.99
210,Nurota,0,UZ,1598816447,33,40.56,65.69,71.6,6.93
211,Banjar,40,ID,1598816448,94,-8.19,114.97,78.8,14.99
212,Okhotsk,100,RU,1598816449,83,59.38,143.3,54.09,10.51
213,Aars,0,DK,1598816449,84,56.8,9.51,57.99,3.06
214,Touros,0,BR,1598816032,58,-5.2,-35.46,82.4,13.87
215,Puerto Princesa City,100,PH,1598816291,85,9.74,118.74,78.85,4.18
216,Katsuura,75,JP,1598816452,94,35.13,140.3,80.6,5.82
217,Sørland,40,NO,1598816452,86,67.67,12.69,41.0,6.93
218,Wattegama,75,LK,1598816453,88,6.8,81.48,78.8,3.36
219,Ust'-Ishim,68,RU,1598816454,88,57.69,71.17,63.27,4.41
220,Adrar,100,MR,1598816454,10,20.5,-10.07,95.99,12.73
221,Turtas,53,RU,1598816456,82,58.94,69.13,64.69,8.08
222,Rjukan,72,NO,1598816458,75,59.88,8.59,46.27,1.41
223,Khorixas,0,NA,1598816460,57,-20.37,14.97,46.65,4.9
224,Chapais,90,CA,1598816461,58,49.78,-74.85,57.2,11.41
225,Necochea,0,AR,1598816462,45,-38.55,-58.74,53.01,8.01
226,Constantine,40,DZ,1598816462,61,36.37,6.61,77.0,11.41
227,Lüderitz,100,NA,1598816463,40,-26.65,15.16,56.37,29.08
228,Cidreira,100,BR,1598816464,92,-30.18,-50.21,57.65,13.24
229,Bambuí,56,BR,1598816464,28,-20.01,-45.98,85.08,9.73
230,Yantal',91,RU,1598816465,81,56.85,105.25,54.99,2.21
231,Medina del Campo,0,ES,1598816466,41,41.31,-4.91,62.01,5.82
232,Plattsburgh,75,US,1598816340,48,44.7,-73.45,66.2,11.41
233,Moïssala,100,TD,1598816468,96,8.34,17.77,69.98,1.88
234,Sampit,56,ID,1598816469,88,-2.53,112.95,74.93,2.95
235,Kruisfontein,56,ZA,1598816469,81,-34.0,24.73,46.0,1.99
236,Rio Grande,40,BR,1598816470,62,-32.03,-52.1,55.4,11.41
237,Laguna,1,US,1598816471,44,38.42,-121.42,84.0,3.36
238,Zyryanka,11,RU,1598816472,64,65.75,150.85,43.07,3.58
239,Berlevåg,75,NO,1598816472,70,70.86,29.09,48.2,13.87
240,Kalmunai,100,LK,1598816473,82,7.42,81.82,79.2,9.8
241,Nome,90,US,1598816473,76,64.5,-165.41,53.6,14.99
242,Bridgewater,0,CA,1598816474,65,44.38,-64.52,72.0,1.01
243,College,40,US,1598816475,62,64.86,-147.8,59.0,5.82
244,Kostomuksha,99,RU,1598816340,82,64.57,30.58,49.19,0.36
245,Pontal do Paraná,33,BR,1598816475,25,-25.65,-48.51,86.0,4.7
246,Oranjemund,18,NA,1598816476,60,-28.55,16.43,51.71,20.45
247,Naze,20,JP,1598816476,94,28.37,129.48,80.6,5.82
248,Bowen,3,AU,1598816477,93,-20.02,148.23,57.2,4.7
249,Kimbe,8,PG,1598816478,84,-5.55,150.14,76.8,6.69
250,Auki,78,SB,1598816479,85,-8.77,160.7,78.69,4.29
251,Wamba,100,NG,1598816479,91,8.93,8.6,73.24,1.81
252,Sinnamary,95,GF,1598816480,78,5.38,-52.95,82.98,15.79
253,Alto Araguaia,0,BR,1598816482,11,-17.31,-53.22,95.59,3.98
254,Caravelas,0,BR,1598816483,77,-17.71,-39.25,75.61,7.52
255,Fairlie,57,GB,1598816317,67,55.76,-4.86,57.2,4.7
256,Qasigiannguit,5,GL,1598816484,60,68.82,-51.19,48.2,12.75
257,Petropavlovsk-Kamchatskiy,20,RU,1598816485,100,53.05,158.65,39.2,8.95
258,Tilichiki,100,RU,1598816485,82,60.47,166.1,45.75,9.24
259,Whyalla,90,AU,1598816486,71,-33.03,137.58,51.8,9.17
260,Safranbolu,0,TR,1598816486,38,41.25,32.69,70.11,0.81
261,Nipawin,75,CA,1598816487,48,53.37,-104.0,62.6,21.92
262,Ponta Delgada,40,PT,1598816487,88,37.73,-25.67,77.0,8.05
263,Trebur,75,DE,1598816488,93,49.93,8.42,62.01,8.05
264,San Vicente,78,AR,1598816488,53,-26.62,-54.13,78.69,4.07
265,Mareeba,47,AU,1598816488,87,-17.0,145.43,69.01,3.0
266,Hong Kong,86,HK,1598816200,79,22.29,114.16,84.0,4.21
267,Inhambane,100,MZ,1598816489,82,-23.86,35.38,72.5,13.31
268,Flin Flon,75,CA,1598816491,63,54.77,-101.86,60.8,9.17
269,Libreville,40,GA,1598816492,83,0.39,9.45,78.8,10.29
270,Nikel,75,RU,1598816493,81,69.41,30.22,48.2,17.22
271,Yambio,81,SS,1598816493,93,4.57,28.4,69.03,1.03
272,Ulladulla,0,AU,1598816494,67,-35.35,150.47,57.2,5.82
273,Iquitos,40,PE,1598816299,55,-3.75,-73.25,91.4,3.36
274,Vostok,99,RU,1598816496,84,46.49,135.88,46.13,3.49
275,Ketchikan,90,US,1598816497,93,55.34,-131.65,53.6,8.05
276,Klaksvík,100,FO,1598816498,100,62.23,-6.59,50.0,6.93
277,Cameri,21,IT,1598816499,59,45.5,8.66,66.2,6.93
278,Seminole,90,US,1598816305,88,28.71,-81.21,81.0,5.82
279,Nishihara,75,JP,1598816501,83,26.18,127.76,84.2,13.87
280,Loveland,1,US,1598816396,13,40.4,-105.08,91.0,25.28
281,Kalianget,72,ID,1598816503,72,-7.05,113.93,78.64,12.12
282,La Santisima Trinidad,75,BO,1598816503,50,-14.83,-64.9,95.0,9.17
283,Snyder,1,US,1598816504,34,32.72,-100.92,96.8,13.87
284,Simao,100,CN,1598816505,95,22.79,100.97,65.91,2.66
285,Amapá,96,BR,1598816506,53,1.0,-52.0,89.2,5.95
286,Fonte Boa,100,BR,1598816506,58,-2.5,-66.27,88.23,2.44
287,Salym,56,RU,1598816508,94,60.06,71.48,62.73,6.69
288,Qaqortoq,100,GL,1598816511,50,60.72,-46.03,57.2,2.24
289,Northam,100,GB,1598816512,78,51.03,-4.22,55.99,4.0
290,Springbok,0,ZA,1598816512,67,-29.66,17.89,39.11,4.68
291,Saint Anthony,20,US,1598816422,44,45.02,-93.22,77.0,12.75
292,Puerto Colombia,75,CO,1598816514,79,10.99,-74.95,84.2,2.24
293,Blackwater,0,AU,1598816514,89,-23.58,148.88,55.15,5.21
294,Puerto del Rosario,20,ES,1598816516,64,28.5,-13.86,75.2,24.16
295,Torhout,100,BE,1598816221,80,51.06,3.1,61.0,3.0
296,Aykhal,90,RU,1598816518,61,66.0,111.5,50.0,2.24
297,Abnūb,0,EG,1598816519,17,27.27,31.15,88.88,10.63
298,Beringovskiy,100,RU,1598816520,83,63.05,179.32,45.97,29.17
299,Dūkštas,93,LT,1598816521,97,55.53,26.33,55.45,3.69
300,Ishigaki,0,JP,1598816522,80,24.34,124.16,84.06,20.92
301,La Ronge,75,CA,1598816524,71,55.1,-105.28,51.8,16.11
302,Moose Factory,90,CA,1598816525,62,51.26,-80.61,57.2,8.05
303,São Filipe,61,CV,1598816525,82,14.9,-24.5,78.57,11.59
304,Chokurdakh,98,RU,1598816526,80,70.63,147.92,41.67,8.19
305,Sibu,40,MY,1598816527,94,2.3,111.82,77.0,2.24
306,Sisimiut,0,GL,1598816528,57,66.94,-53.67,53.8,11.1
307,Tazmalt,75,DZ,1598816528,69,36.39,4.4,78.8,8.05
308,Biak,96,ID,1598816529,79,-0.91,122.88,76.95,7.52
309,Vanavara,0,RU,1598816530,93,60.34,102.28,47.73,2.66
310,Kasempa,33,ZM,1598816531,38,-13.46,25.83,70.27,3.36
311,Sitka,90,US,1598816533,87,57.05,-135.33,53.6,8.05
312,Pandamatenga,100,BW,1598816534,40,-18.53,25.63,75.45,7.29
313,Barinas,100,VE,1598816534,76,8.62,-70.21,81.84,2.26
314,Poum,8,NC,1598816535,70,-20.23,164.02,68.61,10.96
315,Bezhanitsy,100,RU,1598816536,96,56.98,29.89,54.82,3.4
316,Port-Gentil,90,GA,1598816538,83,-0.72,8.78,77.0,15.03
317,Ambilobe,8,MG,1598816539,85,-13.2,49.05,68.95,4.99
318,Latung,55,PH,1598816542,73,5.5,120.88,83.43,5.35
319,Alofi,28,NU,1598816543,83,-19.06,-169.92,75.2,12.75
320,Coquimbo,0,CL,1598816544,67,-29.95,-71.34,59.0,14.99
321,Magnitogorsk,40,RU,1598816547,59,53.42,59.05,62.6,4.47
322,Portland,40,US,1598816505,55,45.52,-122.68,68.0,4.7
323,Kapoeta,100,SS,1598816551,64,4.77,33.59,77.47,3.13
324,Sciacca,0,IT,1598816551,45,37.51,13.09,75.99,3.78
325,Omboué,99,GA,1598816552,84,-1.57,9.26,74.71,10.27
326,Pochutla,40,MX,1598816553,66,15.74,-96.47,89.01,6.44
327,Écija,0,ES,1598816554,18,37.54,-5.08,86.0,3.36
328,Petrovsk,9,RU,1598816507,56,52.31,45.39,61.9,4.54
329,Yulara,0,AU,1598816555,54,-25.24,130.99,55.4,5.82
330,Usinsk,100,RU,1598816556,97,65.99,57.53,50.2,9.19
331,Province of Mantua,20,IT,1598816557,56,45.17,10.78,71.6,12.75
332,Yola,100,NG,1598816557,88,9.2,12.48,75.99,2.13
333,Barrhead,49,GB,1598816557,67,55.8,-4.39,57.2,4.7
334,Baharly,0,TM,1598816558,37,38.44,57.43,77.63,15.75
335,Linqu,78,CN,1598816558,82,36.52,118.54,81.0,2.04
336,Salé,0,MA,1598816536,73,34.04,-6.82,71.6,5.82
337,Chimbote,61,PE,1598816374,69,-9.09,-78.58,65.97,11.52
338,Kahului,20,US,1598816401,54,20.89,-156.47,84.2,21.92
339,Hornepayne,17,CA,1598816561,44,49.21,-84.77,64.96,1.79
340,Zheleznodorozhnyy,40,RU,1598816562,93,55.75,38.0,68.0,2.24
341,Tabas,0,IR,1598816565,23,33.6,56.92,82.4,9.17
342,Amoy,4,CN,1598816566,78,24.48,118.08,82.4,2.24
343,Chokwé,91,MZ,1598816566,68,-24.53,32.98,67.3,14.38
344,Mityana,20,UG,1598816567,78,0.42,32.02,73.4,2.24
345,San Angelo,1,US,1598816566,30,31.46,-100.44,99.0,10.29
346,Chhindwāra,2,IN,1598816569,95,22.07,78.93,70.52,4.38
347,Toppenish,1,US,1598816571,25,46.38,-120.31,75.2,4.7
348,Itaú de Minas,0,BR,1598816573,28,-20.74,-46.75,85.8,2.35
349,Mishan,100,CN,1598816574,93,45.55,131.88,58.14,5.03
350,Ha Tinh,100,VN,1598816476,90,18.33,105.9,78.62,3.24
351,Somoto,1,NI,1598816577,58,13.48,-86.58,83.28,7.45
352,Drovyanaya,75,RU,1598816578,93,51.58,113.03,51.8,6.71
353,Aswān,0,EG,1598816488,14,24.09,32.91,89.89,9.13
354,Santo Antônio do Monte,22,BR,1598816580,35,-20.09,-45.29,80.89,3.6
355,Hamilton,1,US,1598816581,36,39.18,-84.53,82.0,5.82
356,Barranca,48,PE,1598816582,69,-10.75,-77.77,65.62,11.03
357,Skiathos,0,GR,1598816584,40,39.16,23.49,77.0,6.2
358,Bestöbe,0,KZ,1598816584,50,52.5,73.1,68.18,2.42
359,Oriximiná,5,BR,1598816586,39,-1.77,-55.87,93.65,9.17
360,Pindiga,64,NG,1598816587,95,9.98,10.93,72.75,2.1
361,Somanda,0,TZ,1598816588,70,-3.37,33.95,69.1,7.67
362,San Quintín,15,MX,1598816589,67,30.48,-115.95,73.02,11.97
363,Mitú,83,CO,1598816590,56,1.2,-70.17,87.3,1.45
364,Kiunga,96,PG,1598816591,98,-6.12,141.29,72.23,1.28
365,Kumul,0,CN,1598816592,24,42.8,93.45,69.31,6.98
366,Bima,34,ID,1598816593,86,-8.47,118.72,70.84,4.27
367,Guerrero Negro,4,MX,1598816595,57,27.98,-114.06,81.18,10.22
368,Maun,75,BW,1598816596,25,-19.98,23.42,64.4,2.24
369,Mersin Province,0,TR,1598816598,100,36.86,34.65,82.4,4.7
370,Purpe,0,RU,1598816599,83,64.48,76.69,46.29,8.25
371,Fairbanks,1,US,1598816543,51,64.84,-147.72,59.0,5.82
372,Aktash,0,RU,1598816601,88,50.3,87.73,34.88,0.69
373,Porto-Novo,40,BJ,1598816602,88,6.5,2.6,77.0,12.75
374,Isiro,100,CD,1598816603,96,2.77,27.62,68.23,0.72
375,Rūdbār,0,AF,1598816603,19,30.15,62.6,76.12,11.41
376,Whitehorse,90,CA,1598816401,93,60.72,-135.05,46.4,14.99
377,Crişan,0,RO,1598816608,77,44.97,29.47,69.8,2.24
378,Yuzhno-Kurilsk,91,RU,1598816609,76,44.03,145.86,53.19,11.03
379,Ginda,6,IN,1598816609,88,30.69,78.49,63.84,1.9
380,Isangel,90,VU,1598816610,83,-19.55,169.27,69.8,15.95
381,Ukiah,40,US,1598816611,37,39.15,-123.21,84.2,3.36
382,Ostrovnoy,29,RU,1598816611,88,68.05,39.51,45.05,8.41
383,Tura,100,IN,1598816612,91,25.52,90.22,75.63,3.76
384,Pevek,6,RU,1598816613,83,69.7,170.31,37.67,2.89
385,Sulangan,96,PH,1598816614,75,11.14,123.72,84.38,11.52
386,Nizhniy Kuranakh,74,RU,1598816615,87,58.84,125.49,51.04,2.84
387,Kalabo,50,ZM,1598816616,49,-14.97,22.68,71.85,5.55
388,The Valley,40,AI,1598816616,62,18.22,-63.06,87.8,18.34
389,Savé,100,BJ,1598816617,92,8.04,2.49,74.59,4.41
390,Wanning,64,CN,1598816617,86,18.8,110.4,77.67,3.62
391,Bloemhof,0,ZA,1598816617,62,-27.65,25.61,36.93,7.54
392,Ibrā’,40,OM,1598816618,52,22.69,58.53,85.6,3.47
393,San Luis,6,AR,1598816372,30,-33.3,-66.34,62.17,8.08
394,Kapit,100,MY,1598816618,95,2.02,112.93,74.57,0.11
395,Jesús Carranza,36,MX,1598816618,66,17.43,-95.03,88.65,17.85
396,Daru,100,PG,1598816619,88,-9.08,143.21,77.41,19.19
397,Korocha,0,RU,1598816621,43,50.81,37.2,73.4,4.47
398,Ushtobe,0,KZ,1598816623,32,45.25,77.98,65.75,9.78
399,East London,12,ZA,1598816624,62,-33.02,27.91,54.84,14.52
400,Qazvin,0,IR,1598816624,55,36.28,50.0,64.4,2.24
401,Lincoln,1,US,1598816625,45,40.8,-96.67,82.4,16.11
402,Tagusao,100,PH,1598816626,82,9.19,117.81,79.88,2.77
403,Basco,3,PH,1598816627,81,20.45,121.97,83.62,15.75
404,Belmonte,20,BR,1598816628,74,-15.86,-38.88,78.8,12.75
405,Murmashi,41,RU,1598816631,100,68.82,32.81,44.6,2.24
406,Longyan,0,CN,1598816632,85,25.11,117.02,74.17,2.35
407,Pampa,1,US,1598816357,48,35.54,-100.96,89.6,14.99
408,Lavrentiya,74,RU,1598816634,73,65.58,-171.0,47.75,18.19
409,Marsh Harbour,100,BS,1598816635,68,26.54,-77.06,85.68,8.59
410,Kutum,64,SD,1598816636,56,14.2,24.67,79.56,1.59
411,Altos,20,BR,1598816637,22,-5.04,-42.46,100.4,10.29
412,Vavatenina,99,MG,1598816638,94,-17.47,49.2,67.3,2.04
413,Cruz Alta,100,BR,1598816639,94,-28.64,-53.61,54.43,15.64
414,Acapulco de Juárez,40,MX,1598816645,74,16.86,-99.89,84.2,8.05
415,Bogo,99,PH,1598816647,84,11.05,124.01,79.84,6.42
416,Zlobin,40,HR,1598816647,83,45.29,14.65,75.2,8.05
417,Kununurra,0,AU,1598816648,23,-15.77,128.73,64.4,3.36
418,La Tuque,91,CA,1598816649,58,47.43,-72.78,59.38,12.3
419,Bystryy Istok,0,RU,1598816650,71,52.37,84.39,55.76,1.83
420,Kaeo,18,NZ,1598816652,3,-35.1,173.78,46.0,1.48
421,Seoul,1,KR,1598816478,83,37.57,126.98,75.2,4.76
422,Cedar City,1,US,1598816425,15,37.68,-113.06,82.4,5.82
423,Mil'kovo,13,RU,1598816657,83,54.72,158.62,42.91,1.19
424,Bilibino,100,RU,1598816657,77,68.05,166.44,40.75,4.38
425,Iqaluit,20,CA,1598816658,76,63.75,-68.51,48.2,5.82
426,Deputatsky,49,RU,1598816659,99,69.3,139.9,30.34,2.53
427,Aragats,0,AM,1598816661,36,40.49,44.35,78.8,13.87
428,Valparaíso,0,CL,1598816661,51,-33.04,-71.63,62.6,13.87
429,Estelle,75,US,1598816510,94,29.85,-90.11,84.2,8.05
430,Taiyuan,14,CN,1598816664,82,37.87,112.56,64.4,2.24
431,Sioux Lookout,75,CA,1598816667,52,50.1,-91.92,69.8,8.05
432,Pisco,75,PE,1598816668,72,-13.7,-76.22,64.4,8.05
433,Svetlaya,68,RU,1598816669,81,46.54,138.33,55.89,6.67
434,Ayr,20,GB,1598816670,67,55.46,-4.63,57.2,2.24
435,Henties Bay,0,NA,1598816670,75,-22.12,14.28,55.0,11.05
436,Kalmeshwar,20,IN,1598816674,94,21.23,78.9,75.2,5.5
437,Boa Vista,75,BR,1598816674,74,2.82,-60.67,80.6,9.17
438,La Orilla,97,MX,1598816675,77,17.98,-102.23,83.61,7.43
439,Piedras,75,CO,1598816677,83,4.54,-74.88,77.0,5.82
440,Szydłowiec,100,PL,1598816678,1,51.23,20.86,78.01,9.71
441,Yurimaguas,40,PE,1598816682,59,-5.9,-76.08,95.0,6.93
442,Broome,75,US,1598816683,48,42.25,-75.83,72.0,17.22
443,Vestmanna,100,FO,1598816684,100,62.16,-7.17,50.0,6.93
444,Humberto de Campos,26,BR,1598816686,59,-2.6,-43.46,85.23,11.65
445,Broken Hill,0,AU,1598816687,81,-31.95,141.43,44.6,8.05
446,Dejen,78,ET,1598816688,96,10.17,38.13,53.04,3.15
447,High Prairie,0,CA,1598816668,43,55.43,-116.49,56.8,15.88
448,Christchurch,27,NZ,1598816502,73,-43.53,172.63,35.6,1.12
449,Toora-Khem,15,RU,1598816697,89,52.47,96.11,42.82,2.04
450,Springfield,90,US,1598816474,94,37.22,-93.3,75.0,5.82
451,Madang,21,PG,1598816699,83,-5.22,145.8,75.38,6.76
452,Saint-Pierre,2,RE,1598816700,77,-21.34,55.48,68.0,4.7
453,Shitanjing,0,CN,1598816701,61,39.23,106.34,58.64,5.14
454,Yemel'yanovo,75,RU,1598816701,93,56.17,92.68,57.2,6.71
455,Presidencia Roque Sáenz Peña,100,AR,1598816702,55,-26.79,-60.44,63.64,11.05
456,Kaitangata,100,NZ,1598816704,36,-46.28,169.85,55.99,5.99
457,Oussouye,75,SN,1598816705,88,12.48,-16.55,82.4,6.93
458,Hobyo,31,SO,1598816706,78,5.35,48.53,77.94,23.49
459,Kiryat Gat,75,IL,1598816707,79,31.61,34.76,84.2,6.93
460,Porto Torres,100,IT,1598816708,73,40.84,8.4,69.8,1.12
461,Namatanai,20,PG,1598816709,85,-3.67,152.43,79.29,8.32
462,Cherskiy,100,RU,1598816709,88,68.75,161.3,38.1,10.02
463,Ixtapa,40,MX,1598816710,70,20.7,-105.2,86.0,5.82
464,Benghazi,0,LY,1598816711,65,32.12,20.07,79.34,18.07
465,Clarence Town,14,AU,1598816712,93,-32.58,151.78,51.8,8.05
466,Seymchan,0,RU,1598816713,71,62.88,152.43,41.31,3.51
467,Kangaatsiaq,0,GL,1598816713,77,68.31,-53.46,44.76,12.77
468,Palmer,75,US,1598816628,38,42.16,-72.33,75.99,11.41
469,Philadelphia,75,US,1598816528,39,39.95,-75.16,82.0,13.87
470,Mount Isa,0,AU,1598816716,35,-20.73,139.5,69.8,4.7
471,Lorengau,30,PG,1598816718,82,-2.02,147.27,81.27,12.03
472,Beloha,91,MG,1598816719,54,-25.17,45.05,76.64,3.96
473,Līsakovsk,2,KZ,1598816719,48,52.54,62.49,69.93,4.34
474,Mokhsogollokh,36,RU,1598816720,98,61.47,128.92,50.31,3.27
475,Bilma,1,NE,1598816722,34,18.69,12.92,93.07,10.87
476,Santa Cruz del Norte,40,CU,1598816723,70,23.15,-81.92,91.4,10.29
477,Cubará,89,CO,1598816724,61,7.0,-72.11,84.79,3.89
478,Paraná,77,AR,1598816725,21,-31.73,-60.52,66.0,1.99
479,Malanje,62,AO,1598816726,75,-9.54,16.34,66.33,3.4
480,Pokrovskoye,0,RU,1598816728,38,47.42,38.9,73.71,9.64
481,Waipawa,0,NZ,1598816728,76,-41.41,175.52,55.99,25.28
482,Yakeshi,100,CN,1598816729,95,49.28,120.73,55.13,3.98
483,Ajdabiya,0,LY,1598816664,35,30.76,20.23,82.38,13.56
484,Lakes Entrance,49,AU,1598816731,82,-37.88,147.98,48.0,1.99
485,Khanbari,62,NP,1598816732,75,27.37,87.2,73.31,1.12
486,Sertânia,1,BR,1598816733,35,-8.07,-37.26,82.69,14.63
487,Escárcega,72,MX,1598816734,28,18.61,-90.75,101.52,6.46
488,Tungor,5,RU,1598816735,91,53.38,142.96,45.19,8.48
489,Port Blair,100,IN,1598816463,81,11.67,92.75,81.5,8.34
490,Ballarat,31,AU,1598816736,83,-37.57,143.85,43.0,1.01
491,North Bend,1,US,1598816737,55,43.41,-124.22,80.01,14.99
492,Mattru,100,SL,1598816738,96,7.62,-11.83,72.84,3.83
493,Harper,97,LR,1598816739,82,4.38,-7.72,75.9,11.86
494,Shemgang,100,BT,1598816740,83,27.22,90.66,61.12,3.11
495,Äänekoski,90,FI,1598816742,93,62.69,25.82,53.6,3.36
496,Bundaberg,40,AU,1598816549,82,-24.85,152.35,59.0,4.7
497,Mayumba,82,GA,1598816744,85,-3.43,10.66,74.07,7.29
498,Atambua,34,ID,1598816746,88,-9.11,124.89,69.17,5.19
499,Chissamba,47,AO,1598816747,50,-12.17,17.33,66.36,2.39
500,Gijang,75,KR,1598816750,78,35.24,129.21,78.8,11.41
501,Sittwe,100,MM,1598816751,86,20.15,92.9,81.41,6.11
502,Olafsvik,100,IS,1598816752,92,64.89,-23.71,52.83,25.99
503,Lucapa,76,AO,1598816754,63,-8.42,20.74,75.67,3.33
504,Lebanon,20,US,1598816755,70,36.21,-86.29,86.0,5.82
505,Kerteminde,1,DK,1598816757,90,55.45,10.66,66.99,9.48
506,Kieta,74,PG,1598816757,75,-6.22,155.63,79.75,6.02
507,Faya,86,SA,1598816759,30,18.39,42.45,77.0,11.41
508,Novy Urengoy,5,RU,1598816759,84,66.08,76.63,41.9,3.56
509,Rio Claro,0,BR,1598816761,21,-22.41,-47.56,93.2,4.7
510,Barwādih,48,IN,1598816761,89,23.83,84.12,74.77,3.11
511,Angoram,95,PG,1598816761,98,-4.06,144.07,73.44,1.79
512,Ambanja,83,MG,1598816762,81,-13.68,48.45,72.81,1.79
513,Shingū,100,JP,1598816762,83,33.73,135.98,76.24,4.05
514,Cayenne,98,GF,1598816762,62,4.93,-52.33,89.6,12.75
515,Salalah,90,OM,1598816764,94,17.02,54.09,77.0,3.36
516,Mogadishu,77,SO,1598816765,84,2.04,45.34,77.95,14.27
517,Zhangjiakou,86,CN,1598816766,73,40.81,114.88,65.03,5.53
518,Laurel,40,US,1598816767,36,39.1,-76.85,82.0,8.05
519,Santa Fe,73,AR,1598816768,21,-31.63,-60.7,66.0,4.0
520,Honiara,40,SB,1598816601,94,-9.43,159.95,77.0,4.7
521,Kovūr,3,IN,1598816770,76,14.48,79.98,83.12,6.04
522,Atar,0,MR,1598816771,15,20.52,-13.05,96.13,11.16
523,Brae,40,GB,1598816771,81,60.4,-1.35,48.2,4.7
524,Port-Cartier,90,CA,1598816773,81,50.03,-66.87,52.0,11.41
525,Quang Ngai,56,VN,1598816774,88,15.12,108.8,77.13,4.29
526,Kentau,0,KZ,1598816776,25,43.52,68.51,75.04,16.17
527,Turukhansk,70,RU,1598816777,98,65.82,87.98,48.96,3.85
528,Liverpool,20,GB,1598816505,58,53.41,-2.98,57.2,5.82
529,Havøysund,33,NO,1598816779,70,71.0,24.66,46.4,14.99
530,Viedma,0,AR,1598816685,41,-40.81,-63.0,57.99,8.01
531,Jacareacanga,99,BR,1598816780,66,-6.22,-57.75,79.14,3.06
532,Tam Ky,20,VN,1598816782,83,15.57,108.48,78.8,3.36
533,Yarim,100,YE,1598816783,74,14.3,44.38,60.3,4.03
534,Visby,4,SE,1598816680,93,57.64,18.3,61.0,2.24
535,Synya,100,RU,1598816784,97,65.37,58.04,49.64,4.03
536,Andros Town,81,BS,1598816785,62,24.7,-77.77,85.93,8.25
537,Forestville,1,US,1598816785,44,38.85,-76.88,82.4,10.29
538,Muros,37,ES,1598816786,68,42.78,-9.06,63.0,5.99
539,Gravdal,40,NO,1598816786,86,68.12,13.5,41.0,6.93
540,Nelson Bay,41,AU,1598816787,93,-32.72,152.15,54.0,8.05
541,Caçu,0,BR,1598816787,13,-18.56,-51.13,96.58,6.15
542,Havre-St-Pierre,90,CA,1598816787,93,50.23,-63.6,50.0,10.29
543,Paamiut,79,GL,1598816788,66,61.99,-49.67,47.5,14.05
544,Lumphat,1,KH,1598816788,93,13.49,106.98,72.88,1.5
545,Sur,96,OM,1598816789,63,22.57,59.53,84.88,8.9
546,Port Macquarie,0,AU,1598816789,100,-31.43,152.92,48.2,3.36
547,Haverfordwest,98,GB,1598816790,67,51.8,-4.97,61.0,8.05
548,Jiangyou,100,CN,1598816790,86,31.77,104.72,67.5,8.32
549,Barcelona,40,ES,1598816626,64,41.39,2.16,73.4,13.87
550,Ottawa,75,CA,1598816562,52,45.41,-75.7,69.01,12.75
551,Baykit,100,RU,1598816792,87,61.67,96.37,49.59,2.35
552,Njeru,80,UG,1598816793,84,0.42,33.17,67.64,2.51
553,Sars,100,RU,1598816793,97,56.55,57.14,55.53,5.53
554,Saurimo,95,AO,1598816794,62,-9.66,20.39,74.5,3.98
555,Antalaha,98,MG,1598816794,87,-14.9,50.28,70.88,8.1
556,Sawākin,95,SD,1598816794,37,19.11,37.33,94.08,3.56
557,Tambura,100,SS,1598816795,92,5.6,27.47,70.9,2.84
558,Tlapehuala,100,MX,1598816795,61,18.22,-100.52,89.47,0.98
559,Hengyang,0,CN,1598816796,79,26.89,112.61,76.37,3.27
560,Omsukchan,0,RU,1598816796,79,62.53,155.8,40.71,2.95
561,Kisi,100,NG,1598816797,93,9.08,3.85,72.66,6.46
